<?xml version="1.0" encoding="UTF-8" ?>
<!DOCTYPE struts PUBLIC
    "-//Apache Software Foundation//DTD Struts Configuration 2.0//EN"
    "http://struts.apache.org/dtds/struts-2.0.dtd">
 
<struts>
    <constant name="struts.enable.DynamicMethodInvocation"
        value="false" />
    <constant name="struts.devMode" value="false" />
    <constant name="struts.custom.i18n.resources"
        value="ApplicationResources" />
 
    <package name="default" extends="struts-default" namespace="/">
        <action name="signup"
            	class="pet.RegisterAction">
            <result name="success">log.jsp</result>
            <result name="error">signup.jsp</result>
        </action>
        <action name="log"
        		class="pet.LoginAction">
        		<result name="success">index.jsp</result>
            <result name="error">log.jsp</result>
        		</action>
    </package>
</struts>